participant,name:1,roll:1,email:1,exp_type_1:1,exp_type_2:1,exp_type_3:1,exp_type_4:1,TIME_start,TIME_end,TIME_total
s.e3db859e-2e78-4998-b439-f5ea897fb9f8.txt,Ayush Rai,16807181,ayushrai@iitk.ac.in,VisualSearch_Cat_2.2020-04-17-1645.data.e3db859e-2e78-4998-b439-f5ea897fb9f8.txt,VisualSearch_Cat_3.2020-04-17-1647.data.e3db859e-2e78-4998-b439-f5ea897fb9f8.txt,VisualSearch_Cat_1.2020-04-17-1651.data.e3db859e-2e78-4998-b439-f5ea897fb9f8.txt,VisualSearch_Cat_4.2020-04-17-1706.data.e3db859e-2e78-4998-b439-f5ea897fb9f8.txt,2020-04-17-16-40,2020-04-17-17-06,26
s.47a665f8-21b9-4c69-86bf-fe82aa055bee.txt,Debaditya Bhattacharya,190254,debbh@iitk.ac.in,VisualSearch_Cat_2.2020-04-17-1536.data.47a665f8-21b9-4c69-86bf-fe82aa055bee.txt,VisualSearch_Cat_3.2020-04-17-1539.data.47a665f8-21b9-4c69-86bf-fe82aa055bee.txt,VisualSearch_Cat_1.2020-04-17-1543.data.47a665f8-21b9-4c69-86bf-fe82aa055bee.txt,VisualSearch_Cat_4.2020-04-17-1545.data.47a665f8-21b9-4c69-86bf-fe82aa055bee.txt,2020-04-17-15-29,2020-04-17-15-45,16
s.89e0ce21-7ddf-4a53-a083-9c804f8a5246.txt,Rakesh,19206011,rakh@iitk.ac.in,VisualSearch_Cat_2.2020-04-18-1022.data.89e0ce21-7ddf-4a53-a083-9c804f8a5246.txt,VisualSearch_Cat_3.2020-04-18-1136.data.89e0ce21-7ddf-4a53-a083-9c804f8a5246.txt,VisualSearch_Cat_1.2020-04-18-1140.data.89e0ce21-7ddf-4a53-a083-9c804f8a5246.txt,VisualSearch_Cat_4.2020-04-18-1143.data.89e0ce21-7ddf-4a53-a083-9c804f8a5246.txt,2020-04-18-10-17,2020-04-18-11-43,86
s.d4a1cf50-fc0a-4759-85f5-75417182b508.txt,DDG,190289,dhriti@iitk.ac.in,VisualSearch_Cat_2.2020-04-17-1615.data.d4a1cf50-fc0a-4759-85f5-75417182b508.txt,VisualSearch_Cat_3.2020-04-17-1618.data.d4a1cf50-fc0a-4759-85f5-75417182b508.txt,VisualSearch_Cat_1.2020-04-17-1623.data.d4a1cf50-fc0a-4759-85f5-75417182b508.txt,VisualSearch_Cat_4.2020-04-17-1626.data.d4a1cf50-fc0a-4759-85f5-75417182b508.txt,2020-04-17-16-09,2020-04-17-16-26,17
s.3cf54138-c599-458d-81a9-7ef75750f24d.txt,Tushar Singla,190918,tusharsi@iitk.ac.in,VisualSearch_Cat_2.2020-04-18-1525.data.3cf54138-c599-458d-81a9-7ef75750f24d.txt,VisualSearch_Cat_3.2020-04-18-1528.data.3cf54138-c599-458d-81a9-7ef75750f24d.txt,VisualSearch_Cat_1.2020-04-18-1531.data.3cf54138-c599-458d-81a9-7ef75750f24d.txt,VisualSearch_Cat_4.2020-04-18-1534.data.3cf54138-c599-458d-81a9-7ef75750f24d.txt,2020-04-18-15-21,2020-04-18-15-34,13
s.440577f6-278e-4ae3-b07a-5be744bceae9.txt,thatgreyhat,,,VisualSearch_Cat_2.2020-04-16-1221.data.440577f6-278e-4ae3-b07a-5be744bceae9.txt,VisualSearch_Cat_3.2020-04-16-1224.data.440577f6-278e-4ae3-b07a-5be744bceae9.txt,VisualSearch_Cat_1.2020-04-16-1227.data.440577f6-278e-4ae3-b07a-5be744bceae9.txt,VisualSearch_Cat_4.2020-04-16-1230.data.440577f6-278e-4ae3-b07a-5be744bceae9.txt,2020-04-16-12-14,2020-04-16-12-30,16
s.7817bd18-88fb-40ba-9fcd-eb2a8a13fd45.txt,Aarush Mohit Mittal,16118263,aarmit@iitk.ac.in,VisualSearch_Cat_2.2020-04-18-1335.data.7817bd18-88fb-40ba-9fcd-eb2a8a13fd45.txt,VisualSearch_Cat_3.2020-04-18-1337.data.7817bd18-88fb-40ba-9fcd-eb2a8a13fd45.txt,VisualSearch_Cat_1.2020-04-18-1341.data.7817bd18-88fb-40ba-9fcd-eb2a8a13fd45.txt,VisualSearch_Cat_4.2020-04-18-1344.data.7817bd18-88fb-40ba-9fcd-eb2a8a13fd45.txt,2020-04-18-13-30,2020-04-18-13-44,14
s.37c14463-38a5-4a8d-9285-e7fe51710ab6.txt,GG,N.A,N.A,VisualSearch_Cat_2.2020-04-16-1304.data.37c14463-38a5-4a8d-9285-e7fe51710ab6.txt,VisualSearch_Cat_3.2020-04-16-1308.data.37c14463-38a5-4a8d-9285-e7fe51710ab6.txt,VisualSearch_Cat_1.2020-04-16-1312.data.37c14463-38a5-4a8d-9285-e7fe51710ab6.txt,VisualSearch_Cat_4.2020-04-16-1314.data.37c14463-38a5-4a8d-9285-e7fe51710ab6.txt,2020-04-16-12-58,2020-04-16-13-14,16
s.bdab9955-a9e0-4ca1-ad7d-834ee11bfc46.txt,Vidit Tripathi,160781,viditt@iitk.ac.in,VisualSearch_Cat_2.2020-04-17-1533.data.bdab9955-a9e0-4ca1-ad7d-834ee11bfc46.txt,VisualSearch_Cat_3.2020-04-17-1536.data.bdab9955-a9e0-4ca1-ad7d-834ee11bfc46.txt,VisualSearch_Cat_1.2020-04-17-1539.data.bdab9955-a9e0-4ca1-ad7d-834ee11bfc46.txt,VisualSearch_Cat_4.2020-04-17-1542.data.bdab9955-a9e0-4ca1-ad7d-834ee11bfc46.txt,2020-04-17-15-29,2020-04-17-15-42,13
